City,State,2010 Population,Website
Birmingham,Alabama,"212,237",
Montgomery,Alabama,"205,764",
Mobile,Alabama,"195,111",
Huntsville,Alabama,"180,105",
Tuscaloosa,Alabama,"90,468",
Hoover,Alabama,"81,619",
Dothan,Alabama,"65,496",
Decatur,Alabama,"55,683",
Auburn,Alabama,"53,380",
Madison,Alabama,"42,938",
Florence,Alabama,"39,319",
Gadsden,Alabama,"36,856",
Vestavia Hills,Alabama,"34,033",
Prattville,Alabama,"33,960",
Phenix City,Alabama,"32,822",
Alabaster,Alabama,"30,352",
Anchorage,Alaska,"291,826",
Fairbanks,Alaska,"31,535",
Juneau,Alaska,"31,275",
Phoenix,Arizona,"1,445,632",
Tucson,Arizona,"520,116",
Mesa,Arizona,"439,041",
Chandler,Arizona,"236,123",
Glendale,Arizona,"226,721",
Scottsdale,Arizona,"217,385",
Gilbert,Arizona,"208,453",
Tempe,Arizona,"161,719",
Peoria,Arizona,"154,065",
Surprise,Arizona,"117,517",
Yuma,Arizona,"93,064",
San Tan Valley,Arizona,"81,321",
Avondale,Arizona,"76,238",
Casas Adobes,Arizona,"66,795",
Flagstaff,Arizona,"65,870",
Goodyear,Arizona,"65,275",
Lake Havasu City,Arizona,"52,527",
Buckeye,Arizona,"50,876",
Catalina Foothills,Arizona,"50,796",
Casa Grande,Arizona,"48,571",
Sierra Vista,Arizona,"43,888",
Maricopa,Arizona,"43,482",
Oro Valley,Arizona,"41,011",
Prescott,Arizona,"39,843",
Bullhead City,Arizona,"39,540",
Prescott Valley,Arizona,"38,822",
Sun,Arizona,"37,499",
Apache Junction,Arizona,"35,840",
Marana,Arizona,"34,961",
El Mirage,Arizona,"31,797",
Little Rock,Arkansas,"193,524",
Fort Smith,Arkansas,"86,209",
Fayetteville,Arkansas,"73,580",
Springdale,Arkansas,"69,797",
Jonesboro,Arkansas,"67,263",
North Little Rock,Arkansas,"62,304",
Conway,Arkansas,"58,908",
Rogers,Arkansas,"55,964",
Pine Bluff,Arkansas,"49,083",
Bentonville,Arkansas,"35,301",
Hot Springs,Arkansas,"35,193",
Benton,Arkansas,"30,681",
Los Angeles,California,"3,792,621",
San Diego,California,"1,307,402",
San Jose,California,"945,942",
San Francisco,California,"805,235",
Fresno,California,"494,665",
Sacramento,California,"466,488",
Long Beach,California,"462,257",
Oakland,California,"390,724",
Bakersfield,California,"347,483",
Anaheim,California,"336,265",
Santa Ana,California,"324,528",
Riverside,California,"303,871",
Stockton,California,"291,707",
Chula Vista,California,"243,916",
Fremont,California,"214,089",
Irvine,California,"212,375",
San Bernardino,California,"209,924",
Modesto,California,"201,165",
Oxnard,California,"197,899",
Fontana,California,"196,069",
Moreno Valley,California,"193,365",
Glendale,California,"191,719",
Huntington Beach,California,"189,992",
Santa Clarita,California,"176,320",
Garden Grove,California,"170,883",
Santa Rosa,California,"167,815",
Oceanside,California,"167,086",
Rancho Cucamonga,California,"165,269",
Ontario,California,"163,924",
Lancaster,California,"156,633",
Elk Grove,California,"153,015",
Palmdale,California,"152,750",
Corona,California,"152,374",
Salinas,California,"150,441",
Pomona,California,"149,058",
Torrance,California,"145,438",
Hayward,California,"144,186",
Escondido,California,"143,911",
Sunnyvale,California,"140,081",
Pasadena,California,"137,122",
Orange,California,"136,416",
Fullerton,California,"135,161",
Thousand Oaks,California,"126,683",
East Los Angeles,California,"126,496",
Visalia,California,"124,442",
Simi Valley,California,"124,237",
Concord,California,"122,067",
Roseville,California,"118,788",
Santa Clara,California,"116,468",
Vallejo,California,"115,942",
Victorville,California,"115,903",
El Monte,California,"113,475",
Berkeley,California,"112,580",
Downey,California,"111,772",
Costa Mesa,California,"109,960",
Inglewood,California,"109,673",
San Buenaventura,California,"106,433",
West Covina,California,"106,098",
Norwalk,California,"105,549",
Carlsbad,California,"105,328",
Fairfield,California,"105,321",
Richmond,California,"103,701",
Murrieta,California,"103,466",
Burbank,California,"103,340",
Antioch,California,"102,372",
Daly City,California,"101,123",
Temecula,California,"100,097",
Santa Maria,California,"99,553",
El Cajon,California,"99,478",
Rialto,California,"99,171",
San Mateo,California,"97,207",
Compton,California,"96,455",
Clovis,California,"95,631",
South Gate,California,"94,396",
Vista,California,"93,834",
Mission Viejo,California,"93,305",
Vacaville,California,"92,428",
Arden-Arcade,California,"92,186",
Carson,California,"91,714",
Hesperia,California,"90,173",
Redding,California,"89,861",
Santa Monica,California,"89,736",
Westminster,California,"89,701",
Santa Barbara,California,"88,410",
Chico,California,"86,187",
Whittier,California,"85,331",
Newport Beach,California,"85,186",
San Leandro,California,"84,950",
Hawthorne,California,"84,293",
San Marcos,California,"83,781",
Citrus Heights,California,"83,301",
Alhambra,California,"83,089",
Tracy,California,"82,922",
Livermore,California,"80,968",
Buena Park,California,"80,530",
Lakewood,California,"80,048",
Merced,California,"78,958",
Hemet,California,"78,657",
Chino,California,"77,983",
Menifee,California,"77,519",
Lake Forest,California,"77,264",
Napa,California,"76,915",
Redwood City,California,"76,815",
Bellflower,California,"76,616",
Indio,California,"76,036",
Tustin,California,"75,540",
Baldwin Park,California,"75,390",
Chino Hills,California,"74,799",
Mountain View,California,"74,066",
Alameda,California,"73,812",
Upland,California,"73,732",
Folsom,California,"72,203",
San Ramon,California,"72,148",
Pleasanton,California,"70,285",
Lynwood,California,"69,772",
Union City,California,"69,516",
Apple Valley,California,"69,135",
Redlands,California,"68,747",
Turlock,California,"68,549",
Perris,California,"68,386",
Manteca,California,"67,096",
Milpitas,California,"66,790",
Redondo Beach,California,"66,748",
Davis,California,"65,622",
Camarillo,California,"65,201",
Yuba City,California,"64,925",
Rancho Cordova,California,"64,776",
Palo Alto,California,"64,403",
Yorba Linda,California,"64,234",
Walnut Creek,California,"64,173",
South San Francisco,California,"63,632",
San Clemente,California,"63,522",
Florence-Graham,California,"63,387",
Pittsburg,California,"63,264",
Laguna Niguel,California,"62,979",
Pico Rivera,California,"62,942",
Montebello,California,"62,500",
Lodi,California,"62,134",
Carmichael,California,"61,762",
Madera,California,"61,416",
Castro Valley,California,"61,388",
Monterey Park,California,"60,269",
La Habra,California,"60,239",
Santa Cruz,California,"59,946",
Encinitas,California,"59,518",
Tulare,California,"59,278",
Gardena,California,"58,829",
National City,California,"58,582",
Cupertino,California,"58,302",
Huntington Park,California,"58,114",
Petaluma,California,"57,941",
San Rafael,California,"57,713",
South Whittier,California,"57,156",
La Mesa,California,"57,065",
Rocklin,California,"56,974",
Arcadia,California,"56,364",
Diamond Bar,California,"55,544",
Woodland,California,"55,468",
Fountain Valley,California,"55,313",
Porterville,California,"54,165",
Paramount,California,"54,098",
Hacienda Heights,California,"54,038",
Hanford,California,"53,967",
Rosemead,California,"53,764",
Eastvale,California,"53,668",
Santee,California,"53,413",
Highland,California,"53,104",
Delano,California,"53,041",
Colton,California,"52,154",
Novato,California,"51,904",
Lake Elsinore,California,"51,821",
Brentwood,California,"51,481",
Yucaipa,California,"51,367",
Cathedral City,California,"51,200",
Watsonville,California,"51,199",
Placentia,California,"50,533",
Glendora,California,"50,073",
Cerritos,California,"49,041",
Rowland Heights,California,"48,993",
Gilroy,California,"48,821",
West Sacramento,California,"48,744",
La Mirada,California,"48,527",
Palm Desert,California,"48,445",
Rancho Santa Margarita,California,"47,853",
Aliso Viejo,California,"47,823",
Poway,California,"47,811",
Cypress,California,"47,802",
Covina,California,"47,796",
Florin,California,"47,513",
Azusa,California,"46,361",
Dublin,California,"46,036",
Antelope,California,"45,770",
Ceres,California,"45,417",
San Luis Obispo,California,"45,119",
Palm Springs,California,"44,552",
San Jacinto,California,"44,199",
Lincoln,California,"42,819",
Altadena,California,"42,777",
North Highlands,California,"42,694",
El Centro,California,"42,598",
Newark,California,"42,573",
Lompoc,California,"42,434",
El Dorado Hills,California,"42,108",
Bell Gardens,California,"42,072",
Danville,California,"42,039",
Rancho Palos Verdes,California,"41,643",
San Bruno,California,"41,114",
Rohnert Park,California,"40,971",
Coachella,California,"40,704",
La Puente,California,"39,816",
San Gabriel,California,"39,718",
Campbell,California,"39,349",
Brea,California,"39,282",
Culver City,California,"38,883",
Calexico,California,"38,572",
Stanton,California,"38,186",
Morgan Hill,California,"37,882",
La Quinta,California,"37,467",
Pacifica,California,"37,234",
Beaumont,California,"36,877",
Montclair,California,"36,664",
Monrovia,California,"36,590",
Willowbrook,California,"35,983",
Los Banos,California,"35,972",
Martinez,California,"35,824",
Temple City,California,"35,558",
Bell,California,"35,477",
Oakley,California,"35,432",
Manhattan Beach,California,"35,135",
Hollister,California,"34,928",
Claremont,California,"34,926",
San Juan Capistrano,California,"34,593",
Moorpark,California,"34,421",
West Hollywood,California,"34,399",
Rubidoux,California,"34,280",
La Presa,California,"34,169",
Beverly Hills,California,"34,109",
Orangevale,California,"33,960",
San Dimas,California,"33,371",
Dana Point,California,"33,351",
Pleasant Hill,California,"33,152",
Foothill Farms,California,"33,121",
Seaside,California,"33,025",
Lawndale,California,"32,769",
Oildale,California,"32,684",
Wildomar,California,"32,176",
Menlo Park,California,"32,026",
Westmont,California,"31,853",
Adelanto,California,"31,765",
La Verne,California,"31,063",
Fair Oaks,California,"30,912",
Foster City,California,"30,567",
Fallbrook,California,"30,534",
Laguna Hills,California,"30,344",
Denver,Colorado,"600,158",
Colorado Springs,Colorado,"416,427",
Aurora,Colorado,"325,078",
Fort Collins,Colorado,"143,986",
Lakewood,Colorado,"142,980",
Thornton,Colorado,"118,772",
Pueblo,Colorado,"106,595",
Arvada,Colorado,"106,433",
Westminster,Colorado,"106,114",
Centennial,Colorado,"100,377",
Boulder,Colorado,"97,385",
Highlands Ranch,Colorado,"96,713",
Greeley,Colorado,"92,889",
Longmont,Colorado,"86,270",
Loveland,Colorado,"66,859",
Grand Junction,Colorado,"58,566",
Broomfield,Colorado,"55,889",
Castle Rock,Colorado,"48,231",
Commerce City,Colorado,"45,913",
Parker,Colorado,"45,297",
Littleton,Colorado,"41,737",
Northglenn,Colorado,"35,789",
Brighton,Colorado,"33,352",
Security-Widefield,Colorado,"32,882",
Ken Caryl,Colorado,"32,438",
Dakota Ridge,Colorado,"32,005",
Englewood,Colorado,"30,255",
Wheat Ridge,Colorado,"30,166",
Bridgeport,Connecticut,"144,229",
New Haven,Connecticut,"129,779",
Hartford,Connecticut,"124,775",
Stamford,Connecticut,"122,643",
Waterbury,Connecticut,"110,366",
Norwalk,Connecticut,"85,603",
Danbury,Connecticut,"80,893",
New Britain,Connecticut,"73,206",
West Hartford,Connecticut,"63,268",
Meriden,Connecticut,"60,868",
Bristol,Connecticut,"60,477",
West Haven,Connecticut,"55,564",
Stratford,Connecticut,"51,384",
Milford,Connecticut,"51,271",
East Hartford,Connecticut,"51,252",
Middletown,Connecticut,"47,648",
Norwich,Connecticut,"40,493",
Shelton,Connecticut,"39,559",
Torrington,Connecticut,"36,383",
Trumbull,Connecticut,"36,018",
Naugatuck,Connecticut,"31,862",
Manchester,Connecticut,"30,577",
Newington,Connecticut,"30,562",
Wilmington,Delaware,"70,851",
Dover,Delaware,"36,047",
Newark,Delaware,"31,454",
Washington,District of Columbia,"601,723",
Jacksonville,Florida,"821,784",
Miami,Florida,"399,457",
Tampa,Florida,"335,709",
St. Petersburg,Florida,"244,769",
Orlando,Florida,"238,300",
Hialeah,Florida,"224,669",
Tallahassee,Florida,"181,376",
Fort Lauderdale,Florida,"165,521",
Port St. Lucie,Florida,"164,603",
Pembroke Pines,Florida,"154,750",
Cape Coral,Florida,"154,305",
Hollywood,Florida,"140,768",
Gainesville,Florida,"124,354",
Miramar,Florida,"122,041",
Coral Springs,Florida,"121,096",
Clearwater,Florida,"107,685",
Miami Gardens,Florida,"107,167",
Brandon,Florida,"103,483",
Palm Bay,Florida,"103,190",
West Palm Beach,Florida,"99,919",
Pompano Beach,Florida,"99,845",
Spring Hill,Florida,"98,621",
Lakeland,Florida,"97,422",
Davie,Florida,"91,992",
Miami Beach,Florida,"87,779",
Lehigh Acres,Florida,"86,784",
Deltona,Florida,"85,182",
Plantation,Florida,"84,955",
Sunrise,Florida,"84,439",
Boca Raton,Florida,"84,392",
Town 'n' Country,Florida,"78,442",
Alafaya,Florida,"78,113",
Largo,Florida,"77,648",
Melbourne,Florida,"76,068",
Kendall,Florida,"75,371",
Palm Coast,Florida,"75,180",
Deerfield Beach,Florida,"75,018",
Riverview,Florida,"71,050",
Boynton Beach,Florida,"68,217",
Lauderhill,Florida,"66,887",
Weston,Florida,"65,333",
Fort Myers,Florida,"62,298",
Daytona Beach,Florida,"61,005",
Delray Beach,Florida,"60,522",
Homestead,Florida,"60,512",
Tamarac,Florida,"60,427",
Pine Hills,Florida,"60,076",
Fountainebleau,Florida,"59,764",
Kissimmee,Florida,"59,682",
North Miami,Florida,"58,786",
Palm Harbor,Florida,"57,439",
North Port,Florida,"57,357",
Wellington,Florida,"56,508",
Ocala,Florida,"56,315",
Kendale Lakes,Florida,"56,148",
Port Orange,Florida,"56,048",
Tamiami,Florida,"55,271",
Jupiter,Florida,"55,156",
Port Charlotte,Florida,"54,392",
Sanford,Florida,"53,570",
Margate,Florida,"53,284",
Poinciana,Florida,"53,193",
Coconut Creek,Florida,"52,909",
Pensacola,Florida,"51,923",
Sarasota,Florida,"51,917",
The Villages,Florida,"51,442",
The Hammocks,Florida,"51,003",
Bradenton,Florida,"49,546",
Pinellas Park,Florida,"49,079",
Palm Beach Gardens,Florida,"48,452",
Country Club,Florida,"47,105",
Coral Gables,Florida,"46,780",
Doral,Florida,"45,704",
Wesley Chapel,Florida,"44,092",
Bonita Springs,Florida,"43,914",
Titusville,Florida,"43,761",
Fort Pierce,Florida,"41,590",
Apopka,Florida,"41,542",
North Miami Beach,Florida,"41,523",
Altamonte Springs,Florida,"41,496",
Oakland Park,Florida,"41,363",
University,Florida,"41,163",
North Lauderdale,Florida,"41,023",
Cutler Bay,Florida,"40,286",
North Fort Myers,Florida,"39,407",
The Acreage,Florida,"38,704",
Ormond Beach,Florida,"38,137",
Greenacres,Florida,"37,573",
Hallandale Beach,Florida,"37,113",
Panama City,Florida,"36,484",
Kendall West,Florida,"36,154",
Aventura,Florida,"35,762",
South Miami Heights,Florida,"35,696",
Ocoee,Florida,"35,579",
Valrico,Florida,"35,545",
Dunedin,Florida,"35,321",
Egypt Lake-Leto,Florida,"35,282",
St. Cloud,Florida,"35,183",
Lake Worth,Florida,"34,910",
Merritt Island,Florida,"34,743",
Plant City,Florida,"34,721",
West Little River,Florida,"34,699",
Winter Garden,Florida,"34,568",
Royal Palm Beach,Florida,"34,140",
Winter Haven,Florida,"33,874",
Carrollwood,Florida,"33,365",
Oviedo,Florida,"33,342",
Winter Springs,Florida,"33,282",
Golden Glades,Florida,"33,145",
Lauderdale Lakes,Florida,"32,593",
Riviera Beach,Florida,"32,488",
Land O' Lakes,Florida,"31,996",
Richmond West,Florida,"31,973",
Navarre,Florida,"31,378",
University,Florida,"31,084",
East Lake,Florida,"30,962",
Lakeside,Florida,"30,943",
Atlanta,Georgia,"420,003",
Augusta,Georgia,"195,844",
Columbus,Georgia,"189,885",
Savannah,Georgia,"136,286",
Athens,Georgia,"115,452",
Sandy Springs,Georgia,"93,853",
Macon,Georgia,"91,351",
Roswell,Georgia,"88,346",
Albany,Georgia,"77,434",
Johns Creek,Georgia,"76,728",
Warner Robins,Georgia,"66,588",
Alpharetta,Georgia,"57,551",
Marietta,Georgia,"56,579",
Valdosta,Georgia,"54,518",
Smyrna,Georgia,"51,271",
Dunwoody,Georgia,"46,267",
North Atlanta,Georgia,"40,456",
Mableton,Georgia,"37,115",
Rome,Georgia,"36,303",
Martinez,Georgia,"35,795",
Peachtree City,Georgia,"34,364",
Gainesville,Georgia,"33,804",
East Point,Georgia,"33,712",
Hinesville,Georgia,"33,437",
Dalton,Georgia,"33,128",
Newnan,Georgia,"33,039",
Redan,Georgia,"33,015",
Milton,Georgia,"32,661",
Douglasville,Georgia,"30,961",
Urban Honolulu,Hawaii,"337,256",
East Honolulu,Hawaii,"49,914",
Pearl,Hawaii,"47,698",
Hilo,Hawaii,"43,263",
Kailua,Hawaii,"38,635",
Waipahu,Hawaii,"38,216",
Kaneohe,Hawaii,"34,597",
Boise City,Idaho,"205,671",
Nampa,Idaho,"81,557",
Meridian,Idaho,"75,092",
Idaho Falls,Idaho,"56,813",
Pocatello,Idaho,"54,255",
Caldwell,Idaho,"46,237",
Coeur d'Alene,Idaho,"44,137",
Twin Falls,Idaho,"44,125",
Lewiston,Idaho,"31,894",
Chicago,Illinois,"2,695,598",
Aurora,Illinois,"197,899",
Rockford,Illinois,"152,871",
Joliet,Illinois,"147,433",
Naperville,Illinois,"141,853",
Springfield,Illinois,"116,250",
Peoria,Illinois,"115,007",
Elgin,Illinois,"108,188",
Waukegan,Illinois,"89,078",
Cicero,Illinois,"83,891",
Champaign,Illinois,"81,055",
Bloomington,Illinois,"76,610",
Decatur,Illinois,"76,122",
Arlington Heights,Illinois,"75,101",
Evanston,Illinois,"74,486",
Schaumburg,Illinois,"74,227",
Bolingbrook,Illinois,"73,366",
Palatine,Illinois,"68,557",
Skokie,Illinois,"64,784",
Des Plaines,Illinois,"58,364",
Orland Park,Illinois,"56,767",
Tinley Park,Illinois,"56,703",
Oak Lawn,Illinois,"56,690",
Berwyn,Illinois,"56,657",
Mount Prospect,Illinois,"54,167",
Wheaton,Illinois,"52,894",
Normal,Illinois,"52,497",
Hoffman Estates,Illinois,"51,895",
Oak Park,Illinois,"51,878",
Downers Grove,Illinois,"47,833",
Glenview,Illinois,"44,692",
Belleville,Illinois,"44,478",
Elmhurst,Illinois,"44,121",
DeKalb,Illinois,"43,862",
Moline,Illinois,"43,483",
Lombard,Illinois,"43,165",
Buffalo Grove,Illinois,"41,496",
Urbana,Illinois,"41,250",
Bartlett,Illinois,"41,208",
Crystal Lake,Illinois,"40,743",
Quincy,Illinois,"40,633",
Streamwood,Illinois,"39,858",
Carol Stream,Illinois,"39,711",
Romeoville,Illinois,"39,680",
Plainfield,Illinois,"39,581",
Rock Island,Illinois,"39,018",
Hanover Park,Illinois,"37,973",
Carpentersville,Illinois,"37,691",
Wheeling,Illinois,"37,648",
Park Ridge,Illinois,"37,480",
Calumet City,Illinois,"37,042",
Addison,Illinois,"36,942",
Glendale Heights,Illinois,"34,208",
Pekin,Illinois,"34,094",
Northbrook,Illinois,"33,170",
Elk Grove,Illinois,"33,127",
Danville,Illinois,"33,027",
St. Charles,Illinois,"32,974",
Woodridge,Illinois,"32,971",
North Chicago,Illinois,"32,574",
Galesburg,Illinois,"32,195",
Gurnee,Illinois,"31,295",
Mundelein,Illinois,"31,064",
Oswego,Illinois,"30,355",
Chicago Heights,Illinois,"30,276",
Algonquin,Illinois,"30,046",
Indianapolis,Indiana,"820,445",
Fort Wayne,Indiana,"253,691",
Evansville,Indiana,"117,429",
South Bend,Indiana,"101,168",
Hammond,Indiana,"80,830",
Bloomington,Indiana,"80,405",
Gary,Indiana,"80,294",
Carmel,Indiana,"79,191",
Fishers,Indiana,"76,794",
Muncie,Indiana,"70,085",
Lafayette,Indiana,"67,140",
Terre Haute,Indiana,"60,785",
Anderson,Indiana,"56,129",
Noblesville,Indiana,"51,969",
Elkhart,Indiana,"50,949",
Greenwood,Indiana,"49,791",
Mishawaka,Indiana,"48,252",
Lawrence,Indiana,"46,001",
Kokomo,Indiana,"45,468",
Jeffersonville,Indiana,"44,953",
Columbus,Indiana,"44,061",
Portage,Indiana,"36,828",
Richmond,Indiana,"36,812",
New Albany,Indiana,"36,372",
Merrillville,Indiana,"35,246",
Valparaiso,Indiana,"31,730",
Goshen,Indiana,"31,719",
Michigan City,Indiana,"31,479",
Granger,Indiana,"30,465",
Westfield,Indiana,"30,068",
Des Moines,Iowa,"203,433",
Cedar Rapids,Iowa,"126,326",
Davenport,Iowa,"99,685",
Sioux City,Iowa,"82,684",
Waterloo,Iowa,"68,406",
Iowa City,Iowa,"67,862",
Council Bluffs,Iowa,"62,230",
Ames,Iowa,"58,965",
Dubuque,Iowa,"57,637",
West Des Moines,Iowa,"56,609",
Ankeny,Iowa,"45,582",
Urbandale,Iowa,"39,463",
Cedar Falls,Iowa,"39,260",
Marion,Iowa,"34,768",
Bettendorf,Iowa,"33,217",
Wichita,Kansas,"382,368",
Overland Park,Kansas,"173,372",
Kansas City,Kansas,"145,786",
Topeka,Kansas,"127,473",
Olathe,Kansas,"125,872",
Lawrence,Kansas,"87,643",
Shawnee,Kansas,"62,209",
Manhattan,Kansas,"52,281",
Lenexa,Kansas,"48,190",
Salina,Kansas,"47,707",
Hutchinson,Kansas,"42,080",
Leavenworth,Kansas,"35,251",
Leawood,Kansas,"31,867",
Louisville,Kentucky,"597,337",
Lexington,Kentucky,"295,803",
Bowling Green,Kentucky,"58,067",
Owensboro,Kentucky,"57,265",
Covington,Kentucky,"40,640",
Hopkinsville,Kentucky,"31,577",
Richmond,Kentucky,"31,364",
New Orleans,Louisiana,"343,829",
Baton Rouge,Louisiana,"229,493",
Shreveport,Louisiana,"199,311",
Metairie,Louisiana,"138,481",
Lafayette,Louisiana,"120,623",
Lake Charles,Louisiana,"71,993",
Kenner,Louisiana,"66,702",
Bossier City,Louisiana,"61,315",
Monroe,Louisiana,"48,815",
Alexandria,Louisiana,"47,723",
Houma,Louisiana,"33,727",
Marrero,Louisiana,"33,141",
New Iberia,Louisiana,"30,617",
Portland,Maine,"66,194",
Lewiston,Maine,"36,592",
Bangor,Maine,"33,039",
Baltimore,Maryland,"620,961",
Columbia,Maryland,"99,615",
Germantown,Maryland,"86,395",
Silver Spring,Maryland,"71,452",
Waldorf,Maryland,"67,752",
Glen Burnie,Maryland,"67,639",
Ellicott,Maryland,"65,834",
Frederick,Maryland,"65,239",
Dundalk,Maryland,"63,597",
Rockville,Maryland,"61,209",
Bethesda,Maryland,"60,858",
Gaithersburg,Maryland,"59,933",
Towson,Maryland,"55,197",
Bowie,Maryland,"54,727",
Aspen Hill,Maryland,"48,759",
Wheaton,Maryland,"48,284",
Bel Air South,Maryland,"47,709",
Potomac,Maryland,"44,965",
Severn,Maryland,"44,231",
North Bethesda,Maryland,"43,828",
Catonsville,Maryland,"41,567",
Hagerstown,Maryland,"39,662",
Essex,Maryland,"39,262",
Annapolis,Maryland,"38,394",
Woodlawn,Maryland,"37,879",
Severna Park,Maryland,"37,634",
Odenton,Maryland,"37,132",
Clinton,Maryland,"35,970",
Olney,Maryland,"33,844",
Chillum,Maryland,"33,513",
Randallstown,Maryland,"32,430",
Montgomery Village,Maryland,"32,032",
Pikesville,Maryland,"30,764",
Parkville,Maryland,"30,734",
Owings Mills,Maryland,"30,622",
Bel Air North,Maryland,"30,568",
Eldersburg,Maryland,"30,531",
College Park,Maryland,"30,413",
Salisbury,Maryland,"30,343",
Boston,Massachusetts,"617,594",
Worcester,Massachusetts,"181,045",
Springfield,Massachusetts,"153,060",
Lowell,Massachusetts,"106,519",
Cambridge,Massachusetts,"105,162",
New Bedford,Massachusetts,"95,072",
Brockton,Massachusetts,"93,810",
Quincy,Massachusetts,"92,271",
Lynn,Massachusetts,"90,329",
Fall River,Massachusetts,"88,857",
Newton,Massachusetts,"85,146",
Lawrence,Massachusetts,"76,377",
Somerville,Massachusetts,"75,754",
Framingham,Massachusetts,"68,318",
Haverhill,Massachusetts,"60,879",
Waltham,Massachusetts,"60,632",
Malden,Massachusetts,"59,450",
Brookline,Massachusetts,"58,732",
Medford,Massachusetts,"56,173",
Taunton,Massachusetts,"55,874",
Chicopee,Massachusetts,"55,298",
Weymouth,Massachusetts,"53,743",
Revere,Massachusetts,"51,755",
Peabody,Massachusetts,"51,251",
Methuen,Massachusetts,"47,255",
Barnstable,Massachusetts,"45,193",
Pittsfield,Massachusetts,"44,737",
Attleboro,Massachusetts,"43,593",
Arlington,Massachusetts,"42,844",
Everett,Massachusetts,"41,667",
Salem,Massachusetts,"41,340",
Westfield,Massachusetts,"41,094",
Leominster,Massachusetts,"40,759",
Fitchburg,Massachusetts,"40,318",
Holyoke,Massachusetts,"39,880",
Beverly,Massachusetts,"39,502",
Marlborough,Massachusetts,"38,499",
Woburn,Massachusetts,"38,120",
Braintree,Massachusetts,"35,744",
Chelsea,Massachusetts,"35,177",
Randolph,Massachusetts,"32,112",
Watertown,Massachusetts,"31,915",
Franklin,Massachusetts,"31,635",
Lexington,Massachusetts,"31,394",
Detroit,Michigan,"713,777",
Grand Rapids,Michigan,"188,040",
Warren,Michigan,"134,056",
Sterling Heights,Michigan,"129,699",
Lansing,Michigan,"114,297",
Ann Arbor,Michigan,"113,934",
Flint,Michigan,"102,434",
Dearborn,Michigan,"98,153",
Livonia,Michigan,"96,942",
Westland,Michigan,"84,094",
Troy,Michigan,"80,980",
Farmington Hills,Michigan,"79,740",
Kalamazoo,Michigan,"74,262",
Wyoming,Michigan,"72,125",
Southfield,Michigan,"71,739",
Rochester Hills,Michigan,"70,995",
Taylor,Michigan,"63,131",
St. Clair Shores,Michigan,"59,715",
Pontiac,Michigan,"59,515",
Dearborn Heights,Michigan,"57,774",
Royal Oak,Michigan,"57,236",
Novi,Michigan,"55,224",
Battle Creek,Michigan,"52,347",
Saginaw,Michigan,"51,508",
Kentwood,Michigan,"48,707",
East Lansing,Michigan,"48,579",
Roseville,Michigan,"47,299",
Portage,Michigan,"46,292",
Midland,Michigan,"41,863",
Muskegon,Michigan,"38,401",
Lincoln Park,Michigan,"38,144",
Bay City,Michigan,"34,932",
Jackson,Michigan,"33,534",
Holland,Michigan,"33,051",
Eastpointe,Michigan,"32,442",
Port Huron,Michigan,"30,184",
Southgate,Michigan,"30,047",
Minneapolis,Minnesota,"382,578",
St. Paul,Minnesota,"285,068",
Rochester,Minnesota,"106,769",
Duluth,Minnesota,"86,265",
Bloomington,Minnesota,"82,893",
Brooklyn Park,Minnesota,"75,781",
Plymouth,Minnesota,"70,576",
St. Cloud,Minnesota,"65,842",
Eagan,Minnesota,"64,206",
Woodbury,Minnesota,"61,961",
Maple Grove,Minnesota,"61,567",
Coon Rapids,Minnesota,"61,476",
Eden Prairie,Minnesota,"60,797",
Burnsville,Minnesota,"60,306",
Blaine,Minnesota,"57,186",
Lakeville,Minnesota,"55,954",
Minnetonka,Minnesota,"49,734",
Apple Valley,Minnesota,"49,084",
Edina,Minnesota,"47,941",
St. Louis Park,Minnesota,"45,250",
Mankato,Minnesota,"39,309",
Moorhead,Minnesota,"38,065",
Maplewood,Minnesota,"38,018",
Shakopee,Minnesota,"37,076",
Richfield,Minnesota,"35,228",
Cottage Grove,Minnesota,"34,589",
Inver Grove Heights,Minnesota,"33,880",
Roseville,Minnesota,"33,660",
Andover,Minnesota,"30,598",
Brooklyn Center,Minnesota,"30,104",
Jackson,Mississippi,"173,514",
Gulfport,Mississippi,"67,793",
Southaven,Mississippi,"48,982",
Hattiesburg,Mississippi,"45,989",
Biloxi,Mississippi,"44,054",
Meridian,Mississippi,"41,148",
Tupelo,Mississippi,"34,546",
Greenville,Mississippi,"34,400",
Olive Branch,Mississippi,"33,484",
Kansas City,Missouri,"459,787",
St. Louis,Missouri,"319,294",
Springfield,Missouri,"159,498",
Independence,Missouri,"116,830",
Columbia,Missouri,"108,500",
Lee's Summit,Missouri,"91,364",
O'Fallon,Missouri,"79,329",
St. Joseph,Missouri,"76,780",
St. Charles,Missouri,"65,794",
Blue Springs,Missouri,"52,575",
St. Peters,Missouri,"52,575",
Florissant,Missouri,"52,158",
Joplin,Missouri,"50,150",
Chesterfield,Missouri,"47,484",
Jefferson City,Missouri,"43,079",
Cape Girardeau,Missouri,"37,941",
Oakville,Missouri,"36,143",
Wildwood,Missouri,"35,517",
University City,Missouri,"35,371",
Ballwin,Missouri,"30,404",
Billings,Montana,"104,170",
Missoula,Montana,"66,788",
Great Falls,Montana,"58,505",
Bozeman,Montana,"37,280",
Butte,Montana,"33,525",
Omaha,Nebraska,"408,958",
Lincoln,Nebraska,"258,379",
Bellevue,Nebraska,"50,137",
Grand Island,Nebraska,"48,520",
Kearney,Nebraska,"30,787",
Las Vegas,Nevada,"583,756",
Henderson,Nevada,"257,729",
Reno,Nevada,"225,221",
Paradise,Nevada,"223,167",
North Las Vegas,Nevada,"216,961",
Sunrise Manor,Nevada,"189,372",
Spring Valley,Nevada,"178,395",
Enterprise,Nevada,"108,481",
Sparks,Nevada,"90,264",
Carson,Nevada,"55,274",
Whitney,Nevada,"38,585",
Pahrump,Nevada,"36,441",
Manchester,New Hampshire,"109,565",
Nashua,New Hampshire,"86,494",
Concord,New Hampshire,"42,695",
Newark,New Jersey,"277,140",
Jersey City,New Jersey,"247,597",
Paterson,New Jersey,"146,199",
Elizabeth,New Jersey,"124,969",
Toms River,New Jersey,"88,791",
Trenton,New Jersey,"84,913",
Clifton,New Jersey,"84,136",
Camden,New Jersey,"77,344",
Passaic,New Jersey,"69,781",
Union City,New Jersey,"66,455",
East Orange,New Jersey,"64,270",
Bayonne,New Jersey,"63,024",
Vineland,New Jersey,"60,724",
New Brunswick,New Jersey,"55,181",
Lakewood,New Jersey,"53,805",
Perth Amboy,New Jersey,"50,814",
Hoboken,New Jersey,"50,005",
Plainfield,New Jersey,"49,808",
West New York,New Jersey,"49,708",
Hackensack,New Jersey,"43,010",
Sayreville,New Jersey,"42,704",
Kearny,New Jersey,"40,684",
Linden,New Jersey,"40,499",
Atlantic City,New Jersey,"39,558",
Fort Lee,New Jersey,"35,345",
Fair Lawn,New Jersey,"32,457",
Long Branch,New Jersey,"30,719",
Garfield,New Jersey,"30,487",
Westfield,New Jersey,"30,316",
Albuquerque,New Mexico,"545,852",
Las Cruces,New Mexico,"97,618",
Rio Rancho,New Mexico,"87,521",
Santa Fe,New Mexico,"67,947",
Roswell,New Mexico,"48,366",
Farmington,New Mexico,"45,877",
South Valley,New Mexico,"40,976",
Clovis,New Mexico,"37,775",
Hobbs,New Mexico,"34,122",
Alamogordo,New Mexico,"30,403",
New York,New York,"8,175,133",
Buffalo,New York,"261,310",
Rochester,New York,"210,565",
Yonkers,New York,"195,976",
Syracuse,New York,"145,170",
Albany,New York,"97,856",
New Rochelle,New York,"77,062",
Cheektowaga,New York,"75,178",
Mount Vernon,New York,"67,292",
Schenectady,New York,"66,135",
Utica,New York,"62,235",
Brentwood,New York,"60,664",
Tonawanda,New York,"58,144",
White Plains,New York,"56,853",
Hempstead,New York,"53,891",
Levittown,New York,"51,881",
Irondequoit,New York,"51,692",
Niagara Falls,New York,"50,193",
Troy,New York,"50,129",
Binghamton,New York,"47,376",
West Seneca,New York,"44,711",
West Babylon,New York,"43,213",
Freeport,New York,"42,860",
Hicksville,New York,"41,547",
Coram,New York,"39,113",
East Meadow,New York,"38,132",
Valley Stream,New York,"37,511",
Brighton,New York,"36,609",
Commack,New York,"36,124",
Central Islip,New York,"34,450",
Rome,New York,"33,725",
New,New York,"33,559",
Long Beach,New York,"33,275",
Elmont,New York,"33,198",
Huntington Station,New York,"33,029",
Poughkeepsie,New York,"32,736",
Oceanside,New York,"32,109",
Centereach,New York,"31,578",
North Tonawanda,New York,"31,568",
Spring Valley,New York,"31,347",
Jamestown,New York,"31,146",
Ithaca,New York,"30,014",
Charlotte,North Carolina,"731,424",
Raleigh,North Carolina,"403,892",
Greensboro,North Carolina,"269,666",
Winston-Salem,North Carolina,"229,617",
Durham,North Carolina,"228,330",
Fayetteville,North Carolina,"200,564",
Cary,North Carolina,"135,234",
Wilmington,North Carolina,"106,476",
High Point,North Carolina,"104,371",
Greenville,North Carolina,"84,554",
Asheville,North Carolina,"83,393",
Concord,North Carolina,"79,066",
Gastonia,North Carolina,"71,741",
Jacksonville,North Carolina,"70,145",
Rocky Mount,North Carolina,"57,477",
Chapel Hill,North Carolina,"57,233",
Burlington,North Carolina,"49,963",
Wilson,North Carolina,"49,167",
Huntersville,North Carolina,"46,773",
Kannapolis,North Carolina,"42,625",
Hickory,North Carolina,"40,010",
Apex,North Carolina,"37,476",
Goldsboro,North Carolina,"36,437",
Salisbury,North Carolina,"33,662",
Indian Trail,North Carolina,"33,518",
Monroe,North Carolina,"32,797",
Mooresville,North Carolina,"32,711",
Wake Forest,North Carolina,"30,117",
Fargo,North Dakota,"105,549",
Bismarck,North Dakota,"61,272",
Grand Forks,North Dakota,"52,838",
Minot,North Dakota,"40,888",
Columbus,Ohio,"787,033",
Cleveland,Ohio,"396,815",
Cincinnati,Ohio,"296,943",
Toledo,Ohio,"287,208",
Akron,Ohio,"199,110",
Dayton,Ohio,"141,527",
Parma,Ohio,"81,601",
Canton,Ohio,"73,007",
Youngstown,Ohio,"66,982",
Lorain,Ohio,"64,097",
Hamilton,Ohio,"62,477",
Springfield,Ohio,"60,608",
Kettering,Ohio,"56,163",
Elyria,Ohio,"54,533",
Lakewood,Ohio,"52,131",
Cuyahoga Falls,Ohio,"49,652",
Euclid,Ohio,"48,920",
Middletown,Ohio,"48,694",
Mansfield,Ohio,"47,821",
Newark,Ohio,"47,573",
Mentor,Ohio,"47,159",
Cleveland Heights,Ohio,"46,121",
Beavercreek,Ohio,"45,193",
Strongsville,Ohio,"44,750",
Fairfield,Ohio,"42,510",
Dublin,Ohio,"41,751",
Warren,Ohio,"41,557",
Findlay,Ohio,"41,202",
Lancaster,Ohio,"38,780",
Lima,Ohio,"38,771",
Huber Heights,Ohio,"38,101",
Marion,Ohio,"36,837",
Westerville,Ohio,"36,120",
Reynoldsburg,Ohio,"35,893",
Grove City,Ohio,"35,575",
Boardman,Ohio,"35,376",
Stow,Ohio,"34,837",
Delaware,Ohio,"34,753",
Brunswick,Ohio,"34,255",
Upper Arlington,Ohio,"33,771",
Gahanna,Ohio,"33,248",
Westlake,Ohio,"32,729",
North Olmsted,Ohio,"32,718",
Fairborn,Ohio,"32,352",
Massillon,Ohio,"32,149",
Mason,Ohio,"30,712",
North Royalton,Ohio,"30,444",
Bowling Green,Ohio,"30,028",
Oklahoma City,Oklahoma,"579,999",
Tulsa,Oklahoma,"391,906",
Norman,Oklahoma,"110,925",
Broken Arrow,Oklahoma,"98,850",
Lawton,Oklahoma,"96,867",
Edmond,Oklahoma,"81,405",
Moore,Oklahoma,"55,081",
Midwest City,Oklahoma,"54,371",
Enid,Oklahoma,"49,379",
Stillwater,Oklahoma,"45,688",
Muskogee,Oklahoma,"39,223",
Bartlesville,Oklahoma,"35,750",
Portland,Oregon,"583,776",
Eugene,Oregon,"156,185",
Salem,Oregon,"154,637",
Gresham,Oregon,"105,594",
Hillsboro,Oregon,"91,611",
Beaverton,Oregon,"89,803",
Bend,Oregon,"76,639",
Medford,Oregon,"74,907",
Springfield,Oregon,"59,403",
Corvallis,Oregon,"54,462",
Albany,Oregon,"50,158",
Aloha,Oregon,"49,425",
Tigard,Oregon,"48,035",
Lake Oswego,Oregon,"36,619",
Keizer,Oregon,"36,478",
Grants Pass,Oregon,"34,533",
McMinnville,Oregon,"32,187",
Oregon City,Oregon,"31,859",
Philadelphia,Pennsylvania,"1,526,006",
Pittsburgh,Pennsylvania,"305,704",
Allentown,Pennsylvania,"118,032",
Erie,Pennsylvania,"101,786",
Reading,Pennsylvania,"88,082",
Scranton,Pennsylvania,"76,089",
Bethlehem,Pennsylvania,"74,982",
Lancaster,Pennsylvania,"59,322",
Levittown,Pennsylvania,"52,983",
Harrisburg,Pennsylvania,"49,528",
Altoona,Pennsylvania,"46,320",
York,Pennsylvania,"43,718",
State College,Pennsylvania,"42,034",
Wilkes-Barre,Pennsylvania,"41,498",
Norristown,Pennsylvania,"34,324",
Chester,Pennsylvania,"33,972",
Bethel Park,Pennsylvania,"32,313",
Providence,Rhode Island,"178,042",
Warwick,Rhode Island,"82,672",
Cranston,Rhode Island,"80,387",
Pawtucket,Rhode Island,"71,148",
East Providence,Rhode Island,"47,037",
Woonsocket,Rhode Island,"41,186",
Columbia,South Carolina,"129,272",
Charleston,South Carolina,"120,083",
North Charleston,South Carolina,"97,471",
Mount Pleasant,South Carolina,"67,843",
Rock Hill,South Carolina,"66,154",
Greenville,South Carolina,"58,409",
Summerville,South Carolina,"43,392",
Sumter,South Carolina,"40,524",
Hilton Head Island,South Carolina,"37,099",
Florence,South Carolina,"37,056",
Spartanburg,South Carolina,"37,013",
Goose Creek,South Carolina,"35,938",
Sioux Falls,South Dakota,"153,888",
Rapid City,South Dakota,"67,956",
Memphis,Tennessee,"646,889",
Nashville,Tennessee,"601,222",
Knoxville,Tennessee,"178,874",
Chattanooga,Tennessee,"167,674",
Clarksville,Tennessee,"132,929",
Murfreesboro,Tennessee,"108,755",
Jackson,Tennessee,"65,211",
Johnson City,Tennessee,"63,152",
Franklin,Tennessee,"62,487",
Bartlett,Tennessee,"54,613",
Hendersonville,Tennessee,"51,372",
Kingsport,Tennessee,"48,205",
Collierville,Tennessee,"43,965",
Cleveland,Tennessee,"41,285",
Smyrna,Tennessee,"39,974",
Germantown,Tennessee,"38,844",
Brentwood,Tennessee,"37,060",
Columbia,Tennessee,"34,681",
La Vergne,Tennessee,"32,588",
Cookeville,Tennessee,"30,435",
Gallatin,Tennessee,"30,278",
Houston,Texas,"2,099,451",
San Antonio,Texas,"1,327,407",
Dallas,Texas,"1,197,816",
Austin,Texas,"790,390",
Fort Worth,Texas,"741,206",
El Paso,Texas,"649,121",
Arlington,Texas,"365,438",
Corpus Christi,Texas,"305,215",
Plano,Texas,"259,841",
Laredo,Texas,"236,091",
Lubbock,Texas,"229,573",
Garland,Texas,"226,876",
Irving,Texas,"216,290",
Amarillo,Texas,"190,695",
Grand Prairie,Texas,"175,396",
Brownsville,Texas,"175,023",
Pasadena,Texas,"149,043",
Mesquite,Texas,"139,824",
McKinney,Texas,"131,117",
McAllen,Texas,"129,877",
Killeen,Texas,"127,921",
Waco,Texas,"124,805",
Carrollton,Texas,"119,097",
Beaumont,Texas,"118,296",
Abilene,Texas,"117,063",
Frisco,Texas,"116,989",
Denton,Texas,"113,383",
Midland,Texas,"111,147",
Wichita Falls,Texas,"104,553",
Odessa,Texas,"99,940",
Round Rock,Texas,"99,887",
Richardson,Texas,"99,223",
Tyler,Texas,"96,900",
Lewisville,Texas,"95,290",
College Station,Texas,"93,857",
The Woodlands,Texas,"93,847",
San Angelo,Texas,"93,200",
Pearland,Texas,"91,252",
Allen,Texas,"84,246",
League City,Texas,"83,560",
Longview,Texas,"80,455",
Sugar Land,Texas,"78,817",
Edinburg,Texas,"77,100",
Mission,Texas,"77,058",
Bryan,Texas,"76,201",
Baytown,Texas,"71,802",
Pharr,Texas,"70,400",
Missouri City,Texas,"67,358",
Temple,Texas,"66,102",
Atascocita,Texas,"65,844",
Harlingen,Texas,"64,849",
Flower Mound,Texas,"64,669",
North Richland Hills,Texas,"63,343",
Victoria,Texas,"62,592",
New Braunfels,Texas,"57,740",
Mansfield,Texas,"56,368",
Conroe,Texas,"56,207",
Rowlett,Texas,"56,199",
Spring,Texas,"54,298",
Port Arthur,Texas,"53,818",
Euless,Texas,"51,277",
DeSoto,Texas,"49,047",
Cedar Park,Texas,"48,937",
Galveston,Texas,"47,743",
Georgetown,Texas,"47,400",
Bedford,Texas,"46,979",
Pflugerville,Texas,"46,936",
Grapevine,Texas,"46,334",
Texas City,Texas,"45,099",
Cedar Hill,Texas,"45,028",
San Marcos,Texas,"44,894",
Haltom City,Texas,"42,409",
Wylie,Texas,"41,427",
Keller,Texas,"39,627",
Coppell,Texas,"38,659",
Huntsville,Texas,"38,548",
Duncanville,Texas,"38,524",
Sherman,Texas,"38,521",
Channelview,Texas,"38,289",
Rockwall,Texas,"37,490",
Hurst,Texas,"37,337",
Burleson,Texas,"36,690",
Mission Bend,Texas,"36,501",
Texarkana,Texas,"36,411",
Lancaster,Texas,"36,361",
The Colony,Texas,"36,328",
Friendswood,Texas,"35,805",
Weslaco,Texas,"35,670",
Del Rio,Texas,"35,591",
Lufkin,Texas,"35,067",
San Juan,Texas,"33,856",
La Porte,Texas,"33,800",
Nacogdoches,Texas,"32,996",
Copperas Cove,Texas,"32,032",
Socorro,Texas,"32,013",
Deer Park,Texas,"32,010",
Schertz,Texas,"31,465",
Rosenberg,Texas,"30,618",
Salt Lake City,Utah,"186,440",
West Valley City,Utah,"129,480",
Provo,Utah,"112,488",
West Jordan,Utah,"103,712",
Orem,Utah,"88,328",
Sandy,Utah,"87,461",
Ogden,Utah,"82,825",
St. George,Utah,"72,897",
Layton,Utah,"67,311",
Millcreek,Utah,"62,139",
Taylorsville,Utah,"58,652",
South Jordan,Utah,"50,418",
Logan,Utah,"48,174",
Lehi,Utah,"47,407",
Murray,Utah,"46,746",
Bountiful,Utah,"42,552",
Draper,Utah,"42,274",
Riverton,Utah,"38,753",
Roy,Utah,"36,884",
Kearns,Utah,"35,731",
Spanish Fork,Utah,"34,691",
Pleasant Grove,Utah,"33,509",
Cottonwood Heights,Utah,"33,433",
Tooele,Utah,"31,605",
Clearfield,Utah,"30,112",
Burlington,Vermont,"42,417",
Virginia Beach,Virginia,"437,994",
Norfolk,Virginia,"242,803",
Chesapeake,Virginia,"222,209",
Arlington,Virginia,"207,627",
Richmond,Virginia,"204,214",
Newport News,Virginia,"180,719",
Alexandria,Virginia,"139,966",
Hampton,Virginia,"137,436",
Roanoke,Virginia,"97,032",
Portsmouth,Virginia,"95,535",
Suffolk,Virginia,"84,585",
Lynchburg,Virginia,"75,568",
Centreville,Virginia,"71,135",
Dale,Virginia,"65,969",
Reston,Virginia,"58,404",
Harrisonburg,Virginia,"48,914",
McLean,Virginia,"48,115",
Tuckahoe,Virginia,"44,990",
Ashburn,Virginia,"43,511",
Charlottesville,Virginia,"43,475",
Danville,Virginia,"43,055",
Blacksburg,Virginia,"42,620",
Leesburg,Virginia,"42,616",
Lake Ridge,Virginia,"41,058",
Burke,Virginia,"41,055",
Annandale,Virginia,"41,008",
Manassas,Virginia,"37,821",
Mechanicsville,Virginia,"36,348",
Linton Hall,Virginia,"35,725",
Marumsco,Virginia,"35,036",
Oakton,Virginia,"34,166",
Petersburg,Virginia,"32,420",
Springfield,Virginia,"30,484",
Fair Oaks,Virginia,"30,223",
Seattle,Washington,"608,660",
Spokane,Washington,"208,916",
Tacoma,Washington,"198,397",
Vancouver,Washington,"161,791",
Bellevue,Washington,"122,363",
Everett,Washington,"103,019",
Kent,Washington,"92,411",
Yakima,Washington,"91,067",
Renton,Washington,"90,927",
Spokane Valley,Washington,"89,755",
Federal Way,Washington,"89,306",
Bellingham,Washington,"80,885",
Kennewick,Washington,"73,917",
Auburn,Washington,"70,180",
Marysville,Washington,"60,020",
Pasco,Washington,"59,781",
Lakewood,Washington,"58,163",
Redmond,Washington,"54,144",
Shoreline,Washington,"53,007",
South Hill,Washington,"52,431",
Kirkland,Washington,"48,787",
Richland,Washington,"48,058",
Olympia,Washington,"46,478",
Sammamish,Washington,"45,780",
Lacey,Washington,"42,393",
Edmonds,Washington,"39,709",
Bremerton,Washington,"37,729",
Puyallup,Washington,"37,022",
Longview,Washington,"36,648",
Lynnwood,Washington,"35,836",
Parkland,Washington,"35,803",
Bothell,Washington,"33,505",
Burien,Washington,"33,313",
Wenatchee,Washington,"31,925",
Mount Vernon,Washington,"31,743",
Walla Walla,Washington,"31,731",
University Place,Washington,"31,144",
Issaquah,Washington,"30,434",
Charleston,West Virginia,"51,400",
Huntington,West Virginia,"49,138",
Parkersburg,West Virginia,"31,492",
Milwaukee,Wisconsin,"594,833",
Madison,Wisconsin,"233,209",
Green Bay,Wisconsin,"104,057",
Kenosha,Wisconsin,"99,218",
Racine,Wisconsin,"78,860",
Appleton,Wisconsin,"72,623",
Waukesha,Wisconsin,"70,718",
Oshkosh,Wisconsin,"66,083",
Eau Claire,Wisconsin,"65,883",
Janesville,Wisconsin,"63,575",
West Allis,Wisconsin,"60,411",
La Crosse,Wisconsin,"51,320",
Sheboygan,Wisconsin,"49,288",
Wauwatosa,Wisconsin,"46,396",
Fond du Lac,Wisconsin,"43,021",
New Berlin,Wisconsin,"39,584",
Wausau,Wisconsin,"39,106",
Brookfield,Wisconsin,"37,920",
Beloit,Wisconsin,"36,966",
Greenfield,Wisconsin,"36,720",
Menomonee Falls,Wisconsin,"35,626",
Franklin,Wisconsin,"35,451",
Oak Creek,Wisconsin,"34,451",
Manitowoc,Wisconsin,"33,736",
West Bend,Wisconsin,"31,078",
Cheyenne,Wyoming,"59,466",
Casper,Wyoming,"55,316",
Laramie,Wyoming,"30,816",